worldview_idx,worldview_name,risk_profile,multiplier,sensitivity_index,si_scaled_pp_per_oom,diff_ea_awf,diff_givewell,diff_leaf,diff_longview_ai,diff_longview_nuclear,diff_navigation_fund_cagefree,diff_navigation_fund_general,diff_sentinel_bio,ghd,gcr,aw,ca_sensitivity_index,ca_si_scaled_pp_per_oom,diff_ghd,diff_gcr,diff_aw,eff_mult_chickens_birds,eff_mult_fish,eff_mult_shrimp,eff_mult_non_shrimp_invertebrates,eff_mult_mammals
0,Total Utilitarian,0,1.0,0.0000,0.0000,0.0000,0.0000,0.0000,0.0000,0.0000,0.0000,0.0000,0.0000,0.0000,100.0000,0.0000,0.0000,0.0000,0.0000,0.0000,0.0000,1.000000,1.000000,1.000000,1.000000,1.000000
0,Total Utilitarian,0,0.1,0.0000,0.0000,0.0000,0.0000,0.0000,0.0000,0.0000,0.0000,0.0000,0.0000,0.0000,100.0000,0.0000,0.0000,0.0000,0.0000,0.0000,0.0000,0.100000,0.100000,0.100000,0.100000,0.100000
0,Total Utilitarian,0,100,0.0000,0.0000,0.0000,0.0000,0.0000,0.0000,0.0000,0.0000,0.0000,0.0000,0.0000,100.0000,0.0000,0.0000,0.0000,0.0000,0.0000,0.0000,1.875000,2.500000,3.125000,2.857143,2.045455
0,Total Utilitarian,0,10,0.0000,0.0000,0.0000,0.0000,0.0000,0.0000,0.0000,0.0000,0.0000,0.0000,0.0000,100.0000,0.0000,0.0000,0.0000,0.0000,0.0000,0.0000,1.875000,2.500000,3.125000,2.857143,2.045455
0,Total Utilitarian,0,5,0.0000,0.0000,0.0000,0.0000,0.0000,0.0000,0.0000,0.0000,0.0000,0.0000,0.0000,100.0000,0.0000,0.0000,0.0000,0.0000,0.0000,0.0000,1.875000,2.500000,3.125000,2.857143,2.045455
0,Total Utilitarian,0,2,0.0000,0.0000,0.0000,0.0000,0.0000,0.0000,0.0000,0.0000,0.0000,0.0000,0.0000,100.0000,0.0000,0.0000,0.0000,0.0000,0.0000,0.0000,1.875000,2.000000,2.000000,2.000000,2.000000
1,Total Utilitarian,7,1.0,0.0000,0.0000,0.0000,0.0000,0.0000,0.0000,0.0000,0.0000,0.0000,0.0000,19.0000,6.0000,75.0000,0.0000,0.0000,0.0000,0.0000,0.0000,1.000000,1.000000,1.000000,1.000000,1.000000
1,Total Utilitarian,7,0.1,42.0000,42.0000,-7.0000,40.0000,1.0000,1.0000,0.0000,0.0000,-35.0000,0.0000,60.0000,7.0000,33.0000,42.0000,42.0000,41.0000,1.0000,-42.0000,0.100000,0.100000,0.100000,0.100000,0.100000
1,Total Utilitarian,7,100,0.0000,0.0000,0.0000,0.0000,0.0000,0.0000,0.0000,0.0000,0.0000,0.0000,19.0000,6.0000,75.0000,0.0000,0.0000,0.0000,0.0000,0.0000,1.000000,1.000000,1.000000,1.000000,1.000000
1,Total Utilitarian,7,10,0.0000,0.0000,0.0000,0.0000,0.0000,0.0000,0.0000,0.0000,0.0000,0.0000,19.0000,6.0000,75.0000,0.0000,0.0000,0.0000,0.0000,0.0000,1.000000,1.000000,1.000000,1.000000,1.000000
1,Total Utilitarian,7,5,0.0000,0.0000,0.0000,0.0000,0.0000,0.0000,0.0000,0.0000,0.0000,0.0000,19.0000,6.0000,75.0000,0.0000,0.0000,0.0000,0.0000,0.0000,1.000000,1.000000,1.000000,1.000000,1.000000
1,Total Utilitarian,7,2,0.0000,0.0000,0.0000,0.0000,0.0000,0.0000,0.0000,0.0000,0.0000,0.0000,19.0000,6.0000,75.0000,0.0000,0.0000,0.0000,0.0000,0.0000,1.000000,1.000000,1.000000,1.000000,1.000000
2,Total Utilitarian,2,1.0,0.0000,0.0000,0.0000,0.0000,0.0000,0.0000,0.0000,0.0000,0.0000,0.0000,25.0000,0.0000,75.0000,0.0000,0.0000,0.0000,0.0000,0.0000,1.000000,1.000000,1.000000,1.000000,1.000000
2,Total Utilitarian,2,0.1,60.0000,60.0000,-14.0000,59.0000,1.0000,0.0000,0.0000,-5.0000,-41.0000,0.0000,85.0000,0.0000,15.0000,60.0000,60.0000,60.0000,0.0000,-60.0000,0.100000,0.100000,0.100000,0.100000,0.100000
2,Total Utilitarian,2,100,0.0000,0.0000,0.0000,0.0000,0.0000,0.0000,0.0000,0.0000,0.0000,0.0000,25.0000,0.0000,75.0000,0.0000,0.0000,0.0000,0.0000,0.0000,1.875000,2.500000,3.125000,2.857143,2.045455
2,Total Utilitarian,2,10,0.0000,0.0000,0.0000,0.0000,0.0000,0.0000,0.0000,0.0000,0.0000,0.0000,25.0000,0.0000,75.0000,0.0000,0.0000,0.0000,0.0000,0.0000,1.875000,2.500000,3.125000,2.857143,2.045455
2,Total Utilitarian,2,5,0.0000,0.0000,0.0000,0.0000,0.0000,0.0000,0.0000,0.0000,0.0000,0.0000,25.0000,0.0000,75.0000,0.0000,0.0000,0.0000,0.0000,0.0000,1.875000,2.500000,3.125000,2.857143,2.045455
2,Total Utilitarian,2,2,0.0000,0.0000,0.0000,0.0000,0.0000,0.0000,0.0000,0.0000,0.0000,0.0000,25.0000,0.0000,75.0000,0.0000,0.0000,0.0000,0.0000,0.0000,1.875000,2.000000,2.000000,2.000000,2.000000
3,Total Utilitarian,6,1.0,0.0000,0.0000,0.0000,0.0000,0.0000,0.0000,0.0000,0.0000,0.0000,0.0000,25.0000,0.0000,75.0000,0.0000,0.0000,0.0000,0.0000,0.0000,1.000000,1.000000,1.000000,1.000000,1.000000
3,Total Utilitarian,6,0.1,51.0000,51.0000,-12.0000,50.0000,1.0000,0.0000,0.0000,0.0000,-39.0000,0.0000,76.0000,0.0000,24.0000,51.0000,51.0000,51.0000,0.0000,-51.0000,0.100000,0.100000,0.100000,0.100000,0.100000
3,Total Utilitarian,6,100,0.0000,0.0000,0.0000,0.0000,0.0000,0.0000,0.0000,0.0000,0.0000,0.0000,25.0000,0.0000,75.0000,0.0000,0.0000,0.0000,0.0000,0.0000,1.875000,2.500000,3.125000,2.857143,2.045455
3,Total Utilitarian,6,10,0.0000,0.0000,0.0000,0.0000,0.0000,0.0000,0.0000,0.0000,0.0000,0.0000,25.0000,0.0000,75.0000,0.0000,0.0000,0.0000,0.0000,0.0000,1.875000,2.500000,3.125000,2.857143,2.045455
3,Total Utilitarian,6,5,0.0000,0.0000,0.0000,0.0000,0.0000,0.0000,0.0000,0.0000,0.0000,0.0000,25.0000,0.0000,75.0000,0.0000,0.0000,0.0000,0.0000,0.0000,1.875000,2.500000,3.125000,2.857143,2.045455
3,Total Utilitarian,6,2,0.0000,0.0000,0.0000,0.0000,0.0000,0.0000,0.0000,0.0000,0.0000,0.0000,25.0000,0.0000,75.0000,0.0000,0.0000,0.0000,0.0000,0.0000,1.875000,2.000000,2.000000,2.000000,2.000000
4,Total Utilitarian,0,1.0,0.0000,0.0000,0.0000,0.0000,0.0000,0.0000,0.0000,0.0000,0.0000,0.0000,0.0000,25.0000,75.0000,0.0000,0.0000,0.0000,0.0000,0.0000,1.000000,1.000000,1.000000,1.000000,1.000000
4,Total Utilitarian,0,0.1,21.0000,21.0000,0.0000,4.0000,2.0000,15.0000,0.0000,0.0000,-21.0000,0.0000,6.0000,40.0000,54.0000,21.0000,21.0000,6.0000,15.0000,-21.0000,0.100000,0.100000,0.100000,0.100000,0.100000
4,Total Utilitarian,0,100,0.0000,0.0000,0.0000,0.0000,0.0000,0.0000,0.0000,0.0000,0.0000,0.0000,0.0000,25.0000,75.0000,0.0000,0.0000,0.0000,0.0000,0.0000,1.000000,1.000000,1.000000,1.000000,1.000000
4,Total Utilitarian,0,10,0.0000,0.0000,0.0000,0.0000,0.0000,0.0000,0.0000,0.0000,0.0000,0.0000,0.0000,25.0000,75.0000,0.0000,0.0000,0.0000,0.0000,0.0000,1.000000,1.000000,1.000000,1.000000,1.000000
4,Total Utilitarian,0,5,0.0000,0.0000,0.0000,0.0000,0.0000,0.0000,0.0000,0.0000,0.0000,0.0000,0.0000,25.0000,75.0000,0.0000,0.0000,0.0000,0.0000,0.0000,1.000000,1.000000,1.000000,1.000000,1.000000
4,Total Utilitarian,0,2,0.0000,0.0000,0.0000,0.0000,0.0000,0.0000,0.0000,0.0000,0.0000,0.0000,0.0000,25.0000,75.0000,0.0000,0.0000,0.0000,0.0000,0.0000,1.000000,1.000000,1.000000,1.000000,1.000000
5,Consequentialism (Non-Utilitarian),0,1.0,0.0000,0.0000,0.0000,0.0000,0.0000,0.0000,0.0000,0.0000,0.0000,0.0000,0.0000,100.0000,0.0000,0.0000,0.0000,0.0000,0.0000,0.0000,1.000000,1.000000,1.000000,1.000000,1.000000
5,Consequentialism (Non-Utilitarian),0,0.1,0.0000,0.0000,0.0000,0.0000,0.0000,0.0000,0.0000,0.0000,0.0000,0.0000,0.0000,100.0000,0.0000,0.0000,0.0000,0.0000,0.0000,0.0000,0.100000,0.100000,0.100000,0.100000,0.100000
5,Consequentialism (Non-Utilitarian),0,100,0.0000,0.0000,0.0000,0.0000,0.0000,0.0000,0.0000,0.0000,0.0000,0.0000,0.0000,100.0000,0.0000,0.0000,0.0000,0.0000,0.0000,0.0000,7.500000,10.000000,12.500000,10.000000,8.181818
5,Consequentialism (Non-Utilitarian),0,10,0.0000,0.0000,0.0000,0.0000,0.0000,0.0000,0.0000,0.0000,0.0000,0.0000,0.0000,100.0000,0.0000,0.0000,0.0000,0.0000,0.0000,0.0000,7.500000,10.000000,10.000000,10.000000,8.181818
5,Consequentialism (Non-Utilitarian),0,5,0.0000,0.0000,0.0000,0.0000,0.0000,0.0000,0.0000,0.0000,0.0000,0.0000,0.0000,100.0000,0.0000,0.0000,0.0000,0.0000,0.0000,0.0000,5.000000,5.000000,5.000000,5.000000,5.000000
5,Consequentialism (Non-Utilitarian),0,2,0.0000,0.0000,0.0000,0.0000,0.0000,0.0000,0.0000,0.0000,0.0000,0.0000,0.0000,100.0000,0.0000,0.0000,0.0000,0.0000,0.0000,0.0000,2.000000,2.000000,2.000000,2.000000,2.000000
6,Consequentialism (Non-Utilitarian),0,1.0,0.0000,0.0000,0.0000,0.0000,0.0000,0.0000,0.0000,0.0000,0.0000,0.0000,0.0000,100.0000,0.0000,0.0000,0.0000,0.0000,0.0000,0.0000,1.000000,1.000000,1.000000,1.000000,1.000000
6,Consequentialism (Non-Utilitarian),0,0.1,0.0000,0.0000,0.0000,0.0000,0.0000,0.0000,0.0000,0.0000,0.0000,0.0000,0.0000,100.0000,0.0000,0.0000,0.0000,0.0000,0.0000,0.0000,0.100000,0.100000,0.100000,0.100000,0.100000
6,Consequentialism (Non-Utilitarian),0,100,53.0000,26.5000,17.0000,0.0000,0.0000,-53.0000,0.0000,16.0000,20.0000,0.0000,0.0000,47.0000,53.0000,53.0000,26.5000,0.0000,-53.0000,53.0000,75.000000,60.000000,100.000000,100.000000,18.000000
6,Consequentialism (Non-Utilitarian),0,10,11.0000,11.0000,2.0000,0.0000,0.0000,-11.0000,0.0000,9.0000,0.0000,0.0000,0.0000,89.0000,11.0000,11.0000,11.0000,0.0000,-11.0000,11.0000,10.000000,10.000000,10.000000,10.000000,10.000000
6,Consequentialism (Non-Utilitarian),0,5,3.0000,4.2920,0.0000,0.0000,0.0000,-3.0000,0.0000,3.0000,0.0000,0.0000,0.0000,97.0000,3.0000,3.0000,4.2920,0.0000,-3.0000,3.0000,5.000000,5.000000,5.000000,5.000000,5.000000
6,Consequentialism (Non-Utilitarian),0,2,0.0000,0.0000,0.0000,0.0000,0.0000,0.0000,0.0000,0.0000,0.0000,0.0000,0.0000,100.0000,0.0000,0.0000,0.0000,0.0000,0.0000,0.0000,2.000000,2.000000,2.000000,2.000000,2.000000
7,Consequentialism (Non-Utilitarian),0,1.0,0.0000,0.0000,0.0000,0.0000,0.0000,0.0000,0.0000,0.0000,0.0000,0.0000,0.0000,88.0000,12.0000,0.0000,0.0000,0.0000,0.0000,0.0000,1.000000,1.000000,1.000000,1.000000,1.000000
7,Consequentialism (Non-Utilitarian),0,0.1,12.0000,12.0000,-3.0000,0.0000,0.0000,12.0000,0.0000,-9.0000,0.0000,0.0000,0.0000,100.0000,0.0000,12.0000,12.0000,0.0000,12.0000,-12.0000,0.100000,0.100000,0.100000,0.100000,0.100000
7,Consequentialism (Non-Utilitarian),0,100,44.0000,22.0000,14.0000,0.0000,0.0000,-44.0000,0.0000,7.0000,23.0000,0.0000,0.0000,44.0000,56.0000,44.0000,22.0000,0.0000,-44.0000,44.0000,7.500000,10.000000,12.500000,10.000000,8.181818
7,Consequentialism (Non-Utilitarian),0,10,43.0000,43.0000,14.0000,0.0000,0.0000,-43.0000,0.0000,7.0000,22.0000,0.0000,0.0000,45.0000,55.0000,43.0000,43.0000,0.0000,-43.0000,43.0000,7.500000,10.000000,10.000000,10.000000,8.181818
7,Consequentialism (Non-Utilitarian),0,5,35.0000,50.0737,14.0000,0.0000,0.0000,-35.0000,0.0000,7.0000,14.0000,0.0000,0.0000,53.0000,47.0000,35.0000,50.0737,0.0000,-35.0000,35.0000,5.000000,5.000000,5.000000,5.000000,5.000000
7,Consequentialism (Non-Utilitarian),0,2,17.0000,56.4728,5.0000,0.0000,0.0000,-17.0000,0.0000,7.0000,5.0000,0.0000,0.0000,71.0000,29.0000,17.0000,56.4728,0.0000,-17.0000,17.0000,2.000000,2.000000,2.000000,2.000000,2.000000
8,Consequentialism (Non-Utilitarian),2,1.0,0.0000,0.0000,0.0000,0.0000,0.0000,0.0000,0.0000,0.0000,0.0000,0.0000,72.0000,0.0000,28.0000,0.0000,0.0000,0.0000,0.0000,0.0000,1.000000,1.000000,1.000000,1.000000,1.000000
8,Consequentialism (Non-Utilitarian),2,0.1,28.0000,28.0000,-7.0000,27.0000,1.0000,0.0000,0.0000,-16.0000,-5.0000,0.0000,100.0000,0.0000,0.0000,28.0000,28.0000,28.0000,0.0000,-28.0000,0.100000,0.100000,0.100000,0.100000,0.100000
8,Consequentialism (Non-Utilitarian),2,100,47.0000,23.5000,10.0000,-46.0000,-1.0000,0.0000,0.0000,0.0000,37.0000,0.0000,25.0000,0.0000,75.0000,47.0000,23.5000,-47.0000,0.0000,47.0000,7.500000,10.000000,12.500000,10.000000,8.181818
8,Consequentialism (Non-Utilitarian),2,10,47.0000,47.0000,10.0000,-46.0000,-1.0000,0.0000,0.0000,0.0000,37.0000,0.0000,25.0000,0.0000,75.0000,47.0000,47.0000,-47.0000,0.0000,47.0000,7.500000,10.000000,10.000000,10.000000,8.181818
8,Consequentialism (Non-Utilitarian),2,5,39.0000,55.7964,10.0000,-38.0000,-1.0000,0.0000,0.0000,0.0000,29.0000,0.0000,33.0000,0.0000,67.0000,39.0000,55.7964,-39.0000,0.0000,39.0000,5.000000,5.000000,5.000000,5.000000,5.000000
8,Consequentialism (Non-Utilitarian),2,2,18.0000,59.7947,10.0000,-18.0000,0.0000,0.0000,0.0000,0.0000,8.0000,0.0000,54.0000,0.0000,46.0000,18.0000,59.7947,-18.0000,0.0000,18.0000,2.000000,2.000000,2.000000,2.000000,2.000000
9,Contractualism,5,1.0,0.0000,0.0000,0.0000,0.0000,0.0000,0.0000,0.0000,0.0000,0.0000,0.0000,0.0000,34.0000,66.0000,0.0000,0.0000,0.0000,0.0000,0.0000,1.000000,1.000000,1.000000,1.000000,1.000000
9,Contractualism,5,0.1,39.0000,39.0000,-10.0000,33.0000,6.0000,0.0000,0.0000,0.0000,-29.0000,0.0000,39.0000,34.0000,27.0000,39.0000,39.0000,39.0000,0.0000,-39.0000,0.100000,0.100000,0.100000,0.100000,0.100000
9,Contractualism,5,100,0.0000,0.0000,0.0000,0.0000,0.0000,0.0000,0.0000,0.0000,0.0000,0.0000,0.0000,34.0000,66.0000,0.0000,0.0000,0.0000,0.0000,0.0000,1.875000,2.500000,3.125000,2.857143,2.045455
9,Contractualism,5,10,0.0000,0.0000,0.0000,0.0000,0.0000,0.0000,0.0000,0.0000,0.0000,0.0000,0.0000,34.0000,66.0000,0.0000,0.0000,0.0000,0.0000,0.0000,1.875000,2.500000,3.125000,2.857143,2.045455
9,Contractualism,5,5,0.0000,0.0000,0.0000,0.0000,0.0000,0.0000,0.0000,0.0000,0.0000,0.0000,0.0000,34.0000,66.0000,0.0000,0.0000,0.0000,0.0000,0.0000,1.875000,2.500000,3.125000,2.857143,2.045455
9,Contractualism,5,2,0.0000,0.0000,0.0000,0.0000,0.0000,0.0000,0.0000,0.0000,0.0000,0.0000,0.0000,34.0000,66.0000,0.0000,0.0000,0.0000,0.0000,0.0000,1.875000,2.000000,2.000000,2.000000,2.000000
10,Contractualism,0,1.0,0.0000,0.0000,0.0000,0.0000,0.0000,0.0000,0.0000,0.0000,0.0000,0.0000,0.0000,100.0000,0.0000,0.0000,0.0000,0.0000,0.0000,0.0000,1.000000,1.000000,1.000000,1.000000,1.000000
10,Contractualism,0,0.1,0.0000,0.0000,0.0000,0.0000,0.0000,0.0000,0.0000,0.0000,0.0000,0.0000,0.0000,100.0000,0.0000,0.0000,0.0000,0.0000,0.0000,0.0000,0.100000,0.100000,0.100000,0.100000,0.100000
10,Contractualism,0,100,0.0000,0.0000,0.0000,0.0000,0.0000,0.0000,0.0000,0.0000,0.0000,0.0000,0.0000,100.0000,0.0000,0.0000,0.0000,0.0000,0.0000,0.0000,1.875000,2.500000,3.125000,2.857143,2.045455
10,Contractualism,0,10,0.0000,0.0000,0.0000,0.0000,0.0000,0.0000,0.0000,0.0000,0.0000,0.0000,0.0000,100.0000,0.0000,0.0000,0.0000,0.0000,0.0000,0.0000,1.875000,2.500000,3.125000,2.857143,2.045455
10,Contractualism,0,5,0.0000,0.0000,0.0000,0.0000,0.0000,0.0000,0.0000,0.0000,0.0000,0.0000,0.0000,100.0000,0.0000,0.0000,0.0000,0.0000,0.0000,0.0000,1.875000,2.500000,3.125000,2.857143,2.045455
10,Contractualism,0,2,0.0000,0.0000,0.0000,0.0000,0.0000,0.0000,0.0000,0.0000,0.0000,0.0000,0.0000,100.0000,0.0000,0.0000,0.0000,0.0000,0.0000,0.0000,1.875000,2.000000,2.000000,2.000000,2.000000
11,Contractualism,2,1.0,0.0000,0.0000,0.0000,0.0000,0.0000,0.0000,0.0000,0.0000,0.0000,0.0000,100.0000,0.0000,0.0000,0.0000,0.0000,0.0000,0.0000,0.0000,1.000000,1.000000,1.000000,1.000000,1.000000
11,Contractualism,2,0.1,0.0000,0.0000,0.0000,0.0000,0.0000,0.0000,0.0000,0.0000,0.0000,0.0000,100.0000,0.0000,0.0000,0.0000,0.0000,0.0000,0.0000,0.0000,0.100000,0.100000,0.100000,0.100000,0.100000
11,Contractualism,2,100,75.0000,37.5000,17.0000,-73.0000,-2.0000,0.0000,0.0000,16.0000,42.0000,0.0000,25.0000,0.0000,75.0000,75.0000,37.5000,-75.0000,0.0000,75.0000,100.000000,100.000000,100.000000,100.000000,100.000000
11,Contractualism,2,10,28.0000,28.0000,7.0000,-27.0000,-1.0000,0.0000,0.0000,16.0000,5.0000,0.0000,72.0000,0.0000,28.0000,28.0000,28.0000,-28.0000,0.0000,28.0000,10.000000,10.000000,10.000000,10.000000,10.000000
11,Contractualism,2,5,9.0000,12.8761,2.0000,-9.0000,0.0000,0.0000,0.0000,7.0000,0.0000,0.0000,91.0000,0.0000,9.0000,9.0000,12.8761,-9.0000,0.0000,9.0000,5.000000,5.000000,5.000000,5.000000,5.000000
11,Contractualism,2,2,1.0000,3.3219,0.0000,-1.0000,0.0000,0.0000,0.0000,1.0000,0.0000,0.0000,99.0000,0.0000,1.0000,1.0000,3.3219,-1.0000,0.0000,1.0000,2.000000,2.000000,2.000000,2.000000,2.000000
12,Kantianism,3,1.0,0.0000,0.0000,0.0000,0.0000,0.0000,0.0000,0.0000,0.0000,0.0000,0.0000,100.0000,0.0000,0.0000,0.0000,0.0000,0.0000,0.0000,0.0000,1.000000,1.000000,1.000000,1.000000,1.000000
12,Kantianism,3,0.1,0.0000,0.0000,0.0000,0.0000,0.0000,0.0000,0.0000,0.0000,0.0000,0.0000,100.0000,0.0000,0.0000,0.0000,0.0000,0.0000,0.0000,0.0000,0.100000,0.100000,0.100000,0.100000,0.100000
12,Kantianism,3,100,33.0000,16.5000,10.0000,-32.0000,-1.0000,0.0000,0.0000,16.0000,7.0000,0.0000,67.0000,0.0000,33.0000,33.0000,16.5000,-33.0000,0.0000,33.0000,100.000000,100.000000,100.000000,100.000000,100.000000
12,Kantianism,3,10,0.0000,0.0000,0.0000,0.0000,0.0000,0.0000,0.0000,0.0000,0.0000,0.0000,100.0000,0.0000,0.0000,0.0000,0.0000,0.0000,0.0000,0.0000,10.000000,10.000000,10.000000,10.000000,10.000000
12,Kantianism,3,5,0.0000,0.0000,0.0000,0.0000,0.0000,0.0000,0.0000,0.0000,0.0000,0.0000,100.0000,0.0000,0.0000,0.0000,0.0000,0.0000,0.0000,0.0000,5.000000,5.000000,5.000000,5.000000,5.000000
12,Kantianism,3,2,0.0000,0.0000,0.0000,0.0000,0.0000,0.0000,0.0000,0.0000,0.0000,0.0000,100.0000,0.0000,0.0000,0.0000,0.0000,0.0000,0.0000,0.0000,2.000000,2.000000,2.000000,2.000000,2.000000
13,Custom,6,1.0,0.0000,0.0000,0.0000,0.0000,0.0000,0.0000,0.0000,0.0000,0.0000,0.0000,100.0000,0.0000,0.0000,0.0000,0.0000,0.0000,0.0000,0.0000,1.000000,1.000000,1.000000,1.000000,1.000000
13,Custom,6,0.1,0.0000,0.0000,0.0000,0.0000,0.0000,0.0000,0.0000,0.0000,0.0000,0.0000,100.0000,0.0000,0.0000,0.0000,0.0000,0.0000,0.0000,0.0000,0.100000,0.100000,0.100000,0.100000,0.100000
13,Custom,6,100,32.0000,16.0000,9.0000,-31.0000,-1.0000,0.0000,0.0000,16.0000,7.0000,0.0000,68.0000,0.0000,32.0000,32.0000,16.0000,-32.0000,0.0000,32.0000,100.000000,100.000000,100.000000,100.000000,100.000000
13,Custom,6,10,0.0000,0.0000,0.0000,0.0000,0.0000,0.0000,0.0000,0.0000,0.0000,0.0000,100.0000,0.0000,0.0000,0.0000,0.0000,0.0000,0.0000,0.0000,10.000000,10.000000,10.000000,10.000000,10.000000
13,Custom,6,5,0.0000,0.0000,0.0000,0.0000,0.0000,0.0000,0.0000,0.0000,0.0000,0.0000,100.0000,0.0000,0.0000,0.0000,0.0000,0.0000,0.0000,0.0000,5.000000,5.000000,5.000000,5.000000,5.000000
13,Custom,6,2,0.0000,0.0000,0.0000,0.0000,0.0000,0.0000,0.0000,0.0000,0.0000,0.0000,100.0000,0.0000,0.0000,0.0000,0.0000,0.0000,0.0000,0.0000,2.000000,2.000000,2.000000,2.000000,2.000000
