worldview_idx,worldview_name,risk_profile,multiplier,sensitivity_index,diff_ghd,diff_gcr,diff_aw
0,Total Utilitarian,0,baseline,0.0000,0.0000,0.0000,0.0000
0,Total Utilitarian,0,0.1,0.0000,0.0000,0.0000,0.0000
0,Total Utilitarian,0,0.2,0.0000,0.0000,0.0000,0.0000
0,Total Utilitarian,0,0.5,0.0000,0.0000,0.0000,0.0000
0,Total Utilitarian,0,sentience_only,0.0000,0.0000,0.0000,0.0000
0,Total Utilitarian,0,low_animals,0.0000,0.0000,0.0000,0.0000
0,Total Utilitarian,0,moderate_high,0.0000,0.0000,0.0000,0.0000
0,Total Utilitarian,0,moderate,0.0000,0.0000,0.0000,0.0000
1,Total Utilitarian,7,baseline,0.0000,0.0000,0.0000,0.0000
1,Total Utilitarian,7,0.1,42.0000,41.0000,1.0000,-42.0000
1,Total Utilitarian,7,0.2,24.0000,23.0000,1.0000,-24.0000
1,Total Utilitarian,7,0.5,0.0000,0.0000,0.0000,0.0000
1,Total Utilitarian,7,sentience_only,0.0000,0.0000,0.0000,0.0000
1,Total Utilitarian,7,low_animals,75.0000,73.0000,2.0000,-75.0000
1,Total Utilitarian,7,moderate_high,0.0000,0.0000,0.0000,0.0000
1,Total Utilitarian,7,moderate,35.0000,34.0000,1.0000,-35.0000
2,Total Utilitarian,2,baseline,0.0000,0.0000,0.0000,0.0000
2,Total Utilitarian,2,0.1,60.0000,60.0000,0.0000,-60.0000
2,Total Utilitarian,2,0.2,42.0000,42.0000,0.0000,-42.0000
2,Total Utilitarian,2,0.5,20.0000,20.0000,0.0000,-20.0000
2,Total Utilitarian,2,sentience_only,0.0000,0.0000,0.0000,0.0000
2,Total Utilitarian,2,low_animals,75.0000,75.0000,0.0000,-75.0000
2,Total Utilitarian,2,moderate_high,0.0000,0.0000,0.0000,0.0000
2,Total Utilitarian,2,moderate,36.0000,36.0000,0.0000,-36.0000
3,Total Utilitarian,6,baseline,0.0000,0.0000,0.0000,0.0000
3,Total Utilitarian,6,0.1,51.0000,51.0000,0.0000,-51.0000
3,Total Utilitarian,6,0.2,34.0000,34.0000,0.0000,-34.0000
3,Total Utilitarian,6,0.5,12.0000,12.0000,0.0000,-12.0000
3,Total Utilitarian,6,sentience_only,0.0000,0.0000,0.0000,0.0000
3,Total Utilitarian,6,low_animals,75.0000,75.0000,0.0000,-75.0000
3,Total Utilitarian,6,moderate_high,0.0000,0.0000,0.0000,0.0000
3,Total Utilitarian,6,moderate,27.0000,27.0000,0.0000,-27.0000
4,Total Utilitarian,0,baseline,0.0000,0.0000,0.0000,0.0000
4,Total Utilitarian,0,0.1,21.0000,6.0000,15.0000,-21.0000
4,Total Utilitarian,0,0.2,5.0000,0.0000,5.0000,-5.0000
4,Total Utilitarian,0,0.5,0.0000,0.0000,0.0000,0.0000
4,Total Utilitarian,0,sentience_only,0.0000,0.0000,0.0000,0.0000
4,Total Utilitarian,0,low_animals,75.0000,58.0000,17.0000,-75.0000
4,Total Utilitarian,0,moderate_high,0.0000,0.0000,0.0000,0.0000
4,Total Utilitarian,0,moderate,16.0000,2.0000,14.0000,-16.0000
5,Consequentialism (Non-Utilitarian),0,baseline,0.0000,0.0000,0.0000,0.0000
5,Consequentialism (Non-Utilitarian),0,0.1,0.0000,0.0000,0.0000,0.0000
5,Consequentialism (Non-Utilitarian),0,0.2,0.0000,0.0000,0.0000,0.0000
5,Consequentialism (Non-Utilitarian),0,0.5,0.0000,0.0000,0.0000,0.0000
5,Consequentialism (Non-Utilitarian),0,sentience_only,0.0000,0.0000,0.0000,0.0000
5,Consequentialism (Non-Utilitarian),0,low_animals,0.0000,0.0000,0.0000,0.0000
5,Consequentialism (Non-Utilitarian),0,moderate_high,0.0000,0.0000,0.0000,0.0000
5,Consequentialism (Non-Utilitarian),0,moderate,0.0000,0.0000,0.0000,0.0000
6,Consequentialism (Non-Utilitarian),0,baseline,0.0000,0.0000,0.0000,0.0000
6,Consequentialism (Non-Utilitarian),0,0.1,0.0000,0.0000,0.0000,0.0000
6,Consequentialism (Non-Utilitarian),0,0.2,0.0000,0.0000,0.0000,0.0000
6,Consequentialism (Non-Utilitarian),0,0.5,0.0000,0.0000,0.0000,0.0000
6,Consequentialism (Non-Utilitarian),0,sentience_only,55.0000,0.0000,-55.0000,55.0000
6,Consequentialism (Non-Utilitarian),0,low_animals,0.0000,0.0000,0.0000,0.0000
6,Consequentialism (Non-Utilitarian),0,moderate_high,44.0000,0.0000,-44.0000,44.0000
6,Consequentialism (Non-Utilitarian),0,moderate,12.0000,0.0000,-12.0000,12.0000
7,Consequentialism (Non-Utilitarian),0,baseline,0.0000,0.0000,0.0000,0.0000
7,Consequentialism (Non-Utilitarian),0,0.1,12.0000,0.0000,12.0000,-12.0000
7,Consequentialism (Non-Utilitarian),0,0.2,12.0000,0.0000,12.0000,-12.0000
7,Consequentialism (Non-Utilitarian),0,0.5,9.0000,0.0000,9.0000,-9.0000
7,Consequentialism (Non-Utilitarian),0,sentience_only,43.0000,0.0000,-43.0000,43.0000
7,Consequentialism (Non-Utilitarian),0,low_animals,12.0000,0.0000,12.0000,-12.0000
7,Consequentialism (Non-Utilitarian),0,moderate_high,32.0000,0.0000,-32.0000,32.0000
7,Consequentialism (Non-Utilitarian),0,moderate,0.0000,0.0000,0.0000,0.0000
8,Consequentialism (Non-Utilitarian),2,baseline,0.0000,0.0000,0.0000,0.0000
8,Consequentialism (Non-Utilitarian),2,0.1,28.0000,28.0000,0.0000,-28.0000
8,Consequentialism (Non-Utilitarian),2,0.2,27.0000,27.0000,0.0000,-27.0000
8,Consequentialism (Non-Utilitarian),2,0.5,18.0000,18.0000,0.0000,-18.0000
8,Consequentialism (Non-Utilitarian),2,sentience_only,47.0000,-47.0000,0.0000,47.0000
8,Consequentialism (Non-Utilitarian),2,low_animals,28.0000,28.0000,0.0000,-28.0000
8,Consequentialism (Non-Utilitarian),2,moderate_high,33.0000,-33.0000,0.0000,33.0000
8,Consequentialism (Non-Utilitarian),2,moderate,0.0000,0.0000,0.0000,0.0000
9,Contractualism,5,baseline,0.0000,0.0000,0.0000,0.0000
9,Contractualism,5,0.1,39.0000,39.0000,0.0000,-39.0000
9,Contractualism,5,0.2,20.0000,20.0000,0.0000,-20.0000
9,Contractualism,5,0.5,2.0000,2.0000,0.0000,-2.0000
9,Contractualism,5,sentience_only,0.0000,0.0000,0.0000,0.0000
9,Contractualism,5,low_animals,66.0000,66.0000,0.0000,-66.0000
9,Contractualism,5,moderate_high,0.0000,0.0000,0.0000,0.0000
9,Contractualism,5,moderate,16.0000,16.0000,0.0000,-16.0000
10,Contractualism,0,baseline,0.0000,0.0000,0.0000,0.0000
10,Contractualism,0,0.1,0.0000,0.0000,0.0000,0.0000
10,Contractualism,0,0.2,0.0000,0.0000,0.0000,0.0000
10,Contractualism,0,0.5,0.0000,0.0000,0.0000,0.0000
10,Contractualism,0,sentience_only,0.0000,0.0000,0.0000,0.0000
10,Contractualism,0,low_animals,0.0000,0.0000,0.0000,0.0000
10,Contractualism,0,moderate_high,0.0000,0.0000,0.0000,0.0000
10,Contractualism,0,moderate,0.0000,0.0000,0.0000,0.0000
11,Contractualism,2,baseline,0.0000,0.0000,0.0000,0.0000
11,Contractualism,2,0.1,0.0000,0.0000,0.0000,0.0000
11,Contractualism,2,0.2,0.0000,0.0000,0.0000,0.0000
11,Contractualism,2,0.5,0.0000,0.0000,0.0000,0.0000
11,Contractualism,2,sentience_only,75.0000,-75.0000,0.0000,75.0000
11,Contractualism,2,low_animals,0.0000,0.0000,0.0000,0.0000
11,Contractualism,2,moderate_high,75.0000,-75.0000,0.0000,75.0000
11,Contractualism,2,moderate,49.0000,-49.0000,0.0000,49.0000
12,Kantianism,3,baseline,0.0000,0.0000,0.0000,0.0000
12,Kantianism,3,0.1,0.0000,0.0000,0.0000,0.0000
12,Kantianism,3,0.2,0.0000,0.0000,0.0000,0.0000
12,Kantianism,3,0.5,0.0000,0.0000,0.0000,0.0000
12,Kantianism,3,sentience_only,75.0000,-75.0000,0.0000,75.0000
12,Kantianism,3,low_animals,0.0000,0.0000,0.0000,0.0000
12,Kantianism,3,moderate_high,68.0000,-68.0000,0.0000,68.0000
12,Kantianism,3,moderate,33.0000,-33.0000,0.0000,33.0000
13,Custom,6,baseline,0.0000,0.0000,0.0000,0.0000
13,Custom,6,0.1,0.0000,0.0000,0.0000,0.0000
13,Custom,6,0.2,0.0000,0.0000,0.0000,0.0000
13,Custom,6,0.5,0.0000,0.0000,0.0000,0.0000
13,Custom,6,sentience_only,75.0000,-75.0000,0.0000,75.0000
13,Custom,6,low_animals,0.0000,0.0000,0.0000,0.0000
13,Custom,6,moderate_high,68.0000,-68.0000,0.0000,68.0000
13,Custom,6,moderate,33.0000,-33.0000,0.0000,33.0000
