scenario_group,multiplier,sensitivity_index,si_scaled_pp_per_oom,diff_ea_awf,diff_givewell,diff_leaf,diff_longview_ai,diff_longview_nuclear,diff_navigation_fund_cagefree,diff_navigation_fund_general,diff_sentinel_bio
baseline,1.0,0.0000,0.0000,0.0000,0.0000,0.0000,0.0000,0.0000,0.0000,0.0000,0.0000
discount 500+,0.1,0.0000,0.0000,0.0000,0.0000,0.0000,0.0000,0.0000,0.0000,0.0000,0.0000
discount 500+,0.01,0.0000,0.0000,0.0000,0.0000,0.0000,0.0000,0.0000,0.0000,0.0000,0.0000
discount 500+,0.001,0.0000,0.0000,0.0000,0.0000,0.0000,0.0000,0.0000,0.0000,0.0000,0.0000
discount 500+,0,15.3843,0.0000,3.8350,2.4720,0.5178,-6.3867,-2.3655,0.1950,8.3645,-6.6322
discount 100-500 and 500+,0.1,0.0000,0.0000,0.0000,0.0000,0.0000,0.0000,0.0000,0.0000,0.0000,0.0000
discount 100-500 and 500+,0.01,0.0000,0.0000,0.0000,0.0000,0.0000,0.0000,0.0000,0.0000,0.0000,0.0000
discount 100-500 and 500+,0.001,0.0000,0.0000,0.0000,0.0000,0.0000,0.0000,0.0000,0.0000,0.0000,0.0000
discount 100-500 and 500+,0,20.8725,0.0000,3.9000,4.9300,1.0425,-8.7725,-3.6650,0.2600,10.7400,-8.4350
